video_id,compression,frame_idx,t_sec,R_mean,G_mean,B_mean,Y_mean,Y_std,fps,label
c23__videos__644,c23,0,0.0,180.2738037109375,122.74309539794922,102.92788696289062,133.54347229003906,39.98222732543945,25.0,Real
c23__videos__644,c23,1,0.04,180.1324005126953,122.62310028076172,102.71549224853516,133.41224670410156,39.96976852416992,25.0,Real
c23__videos__644,c23,2,0.08,179.42929077148438,122.77295684814453,102.22196960449219,133.33432006835938,40.88216781616211,25.0,Real
c23__videos__644,c23,3,0.12,179.2585906982422,122.65408325195312,102.11774444580078,133.20547485351562,41.14751434326172,25.0,Real
c23__videos__644,c23,4,0.16,179.1785888671875,122.69351959228516,101.97746276855469,133.20654296875,41.071258544921875,25.0,Real
c23__videos__644,c23,5,0.2,177.49464416503906,121.13014221191406,101.00450897216797,131.66015625,40.429931640625,25.0,Real
c23__videos__644,c23,6,0.24,173.92901611328125,118.15605926513672,97.82704162597656,128.54563903808594,40.192874908447266,25.0,Real
c23__videos__644,c23,7,0.28,172.92845153808594,117.56845092773438,97.27267456054688,127.87263488769531,40.10798645019531,25.0,Real
c23__videos__644,c23,8,0.32,172.584228515625,117.36394500732422,97.07605743408203,127.63899993896484,40.26169967651367,25.0,Real
c23__videos__644,c23,9,0.36,173.01914978027344,117.60450744628906,97.23436737060547,127.91493225097656,39.915958404541016,25.0,Real
c23__videos__644,c23,10,0.4,174.04112243652344,118.00563049316406,97.87211608886719,128.4651336669922,39.4273567199707,25.0,Real
c23__videos__644,c23,11,0.44,173.68338012695312,117.69351959228516,97.28450775146484,128.12342834472656,39.9875602722168,25.0,Real
c23__videos__644,c23,12,0.48,173.3104248046875,117.51155090332031,96.88337707519531,127.8850326538086,40.270957946777344,25.0,Real
c23__videos__644,c23,13,0.52,173.77520751953125,117.59718322753906,97.52056121826172,128.09109497070312,39.969085693359375,25.0,Real
c23__videos__644,c23,14,0.56,173.4664764404297,117.9397201538086,97.6602783203125,128.28053283691406,39.2244873046875,25.0,Real
c23__videos__644,c23,15,0.6,172.33352661132812,117.7645034790039,97.4000015258789,127.89556121826172,38.56712341308594,25.0,Real
c23__videos__644,c23,16,0.64,171.11436462402344,117.40225219726562,96.3926773071289,127.30455780029297,38.62194061279297,25.0,Real
c23__videos__644,c23,17,0.68,170.44000244140625,116.34986114501953,96.39718627929688,126.4088363647461,38.104610443115234,25.0,Real
c23__videos__644,c23,18,0.72,169.5554962158203,115.54817199707031,95.3780288696289,125.57383728027344,38.93267822265625,25.0,Real
c23__videos__644,c23,19,0.76,168.9453582763672,114.25352478027344,94.68901062011719,124.46845245361328,39.29508972167969,25.0,Real
c23__videos__644,c23,20,0.8,167.9312744140625,114.44450378417969,94.10197448730469,124.34706115722656,38.174659729003906,25.0,Real
c23__videos__644,c23,21,0.84,168.46084594726562,114.30873107910156,95.25690460205078,124.44593048095703,36.630653381347656,25.0,Real
c23__videos__644,c23,22,0.88,167.72857666015625,114.20628356933594,96.01314544677734,124.27156829833984,35.65977478027344,25.0,Real
c23__videos__644,c23,23,0.92,168.5142822265625,114.26057434082031,95.35428619384766,124.42987823486328,36.4613037109375,25.0,Real
c23__videos__644,c23,24,0.96,166.49771118164062,113.1777114868164,93.74971771240234,123.11084747314453,37.73441696166992,25.0,Real
c23__videos__644,c23,25,1.0,166.370849609375,112.8154296875,93.82342529296875,122.83008575439453,38.40758514404297,25.0,Real
c23__videos__644,c23,26,1.04,166.9902801513672,113.30056762695312,95.93599700927734,123.46127319335938,35.827301025390625,25.0,Real
c23__videos__644,c23,27,1.08,168.12197875976562,114.04589080810547,96.27113342285156,124.2591323852539,35.54790496826172,25.0,Real
c23__videos__644,c23,28,1.12,168.9891357421875,115.05796813964844,95.3617172241211,125.10167694091797,36.14059829711914,25.0,Real
c23__videos__644,c23,29,1.16,168.9818878173828,114.69866943359375,95.5452880859375,124.85641479492188,36.535194396972656,25.0,Real
c23__videos__644,c23,30,1.2,168.7916717529297,114.68659210205078,95.8315200805664,124.8280029296875,36.44181442260742,25.0,Real
c23__videos__644,c23,31,1.24,170.15257263183594,115.29350280761719,96.47058868408203,125.5975341796875,35.987056732177734,25.0,Real
c23__videos__644,c23,32,1.28,165.53912353515625,112.7298583984375,92.36174011230469,122.48653411865234,37.292274475097656,25.0,Real
c23__videos__644,c23,33,1.32,164.38526916503906,111.21074676513672,91.55857849121094,121.09677124023438,38.455810546875,25.0,Real
c23__videos__644,c23,34,1.36,160.3907012939453,107.9341812133789,88.30555725097656,117.66924285888672,40.93267822265625,25.0,Real
c23__videos__644,c23,35,1.4,159.72799682617188,107.68114471435547,88.08399963378906,117.33139038085938,39.78945541381836,25.0,Real
c23__videos__644,c23,36,1.44,160.23973083496094,108.36473083496094,88.53018951416016,117.9613037109375,39.47473907470703,25.0,Real
c23__videos__644,c23,37,1.48,160.59130859375,108.43710327148438,89.35826110839844,118.14759063720703,39.02187728881836,25.0,Real
c23__videos__644,c23,38,1.52,162.26931762695312,109.76509857177734,90.66002655029297,119.54810333251953,37.481781005859375,25.0,Real
c23__videos__644,c23,39,1.56,162.91424560546875,110.34963989257812,91.6497573852539,120.17474365234375,37.216163635253906,25.0,Real
c23__videos__644,c23,40,1.6,163.4889678955078,111.19730377197266,91.79105377197266,120.91338348388672,36.75577926635742,25.0,Real
c23__videos__644,c23,41,1.64,164.55821228027344,110.9129867553711,92.18872833251953,120.96607208251953,36.88146209716797,25.0,Real
c23__videos__644,c23,42,1.68,164.35232543945312,110.9123764038086,91.60845947265625,120.87996673583984,36.827392578125,25.0,Real
c23__videos__644,c23,43,1.72,162.5603790283203,109.51750946044922,89.88888549804688,119.37724304199219,38.443050384521484,25.0,Real
c23__videos__644,c23,44,1.76,162.1183624267578,109.54106140136719,89.39915466308594,119.2647476196289,38.82051467895508,25.0,Real
c23__videos__644,c23,45,1.8,161.7083282470703,108.65338134765625,88.5477066040039,118.48123168945312,40.86197280883789,25.0,Real
c23__videos__644,c23,46,1.84,161.29449462890625,108.21797180175781,88.40985870361328,118.0718994140625,41.7581672668457,25.0,Real
c23__videos__644,c23,47,1.88,161.90956115722656,108.80927276611328,87.96985626220703,118.59378814697266,41.13898849487305,25.0,Real
c23__videos__644,c23,48,1.92,162.0222930908203,109.37828826904297,88.45657348632812,119.05986022949219,39.66741180419922,25.0,Real
c23__videos__644,c23,49,1.96,162.92514038085938,109.76057434082031,89.12971496582031,119.57381439208984,39.40887451171875,25.0,Real
c23__videos__644,c23,50,2.0,163.73143005371094,110.55142974853516,90.367431640625,120.40021514892578,38.98820877075195,25.0,Real
c23__videos__644,c23,51,2.04,165.2069549560547,111.51130676269531,91.20115661621094,121.46061706542969,38.60357666015625,25.0,Real
c23__videos__644,c23,52,2.08,164.0863800048828,111.1089859008789,90.59883880615234,120.89114379882812,39.297401428222656,25.0,Real
c23__videos__644,c23,53,2.12,164.3165283203125,110.70608520507812,91.62261199951172,120.725830078125,39.67840576171875,25.0,Real
c23__videos__644,c23,54,2.16,164.1524658203125,110.49623107910156,90.4069595336914,120.45309448242188,41.208045959472656,25.0,Real
c23__videos__644,c23,55,2.2,164.06028747558594,110.9518814086914,91.4637680053711,120.83568572998047,41.871429443359375,25.0,Real
c23__videos__644,c23,56,2.24,165.64173889160156,112.41622924804688,92.3113021850586,122.2803955078125,41.00006103515625,25.0,Real
c23__videos__644,c23,57,2.28,169.549560546875,114.71014404296875,94.95072174072266,124.9423828125,39.37339782714844,25.0,Real
c23__videos__644,c23,58,2.32,169.70628356933594,115.2828598022461,95.7959976196289,125.44634246826172,39.05069351196289,25.0,Real
c23__videos__644,c23,59,2.36,169.6095733642578,115.40338134765625,95.67436981201172,125.50318908691406,39.51286315917969,25.0,Real
c23__videos__644,c23,60,2.4,171.08628845214844,115.9028549194336,97.45771789550781,126.30311584472656,38.30146789550781,25.0,Real
c23__videos__644,c23,61,2.44,169.71714782714844,115.41200256347656,96.29828643798828,125.5772705078125,38.945152282714844,25.0,Real
c23__videos__644,c23,62,2.48,169.07366943359375,114.57669067382812,95.21256256103516,124.76466369628906,41.545997619628906,25.0,Real
c23__videos__644,c23,63,2.52,168.2228240966797,114.07366943359375,93.70712280273438,124.11531829833984,42.7960205078125,25.0,Real
c23__videos__644,c23,64,2.56,169.08816528320312,114.22403717041016,94.54951477050781,124.46765899658203,42.24584197998047,25.0,Real
c23__videos__644,c23,65,2.6,169.6029052734375,114.80811309814453,96.0950698852539,125.10641479492188,41.35235595703125,25.0,Real
c23__videos__644,c23,66,2.64,171.97564697265625,116.19825744628906,97.79304504394531,126.7276840209961,39.685630798339844,25.0,Real
c23__videos__644,c23,67,2.68,172.34628295898438,116.7491455078125,96.98285675048828,127.1419677734375,40.6800651550293,25.0,Real
c23__videos__644,c23,68,2.72,173.70799255371094,117.65714263916016,98.03543090820312,128.1568603515625,39.568302154541016,25.0,Real
c23__videos__644,c23,69,2.76,174.0919952392578,117.7845687866211,98.25314331054688,128.34535217285156,39.122005462646484,25.0,Real
c23__videos__644,c23,70,2.8,173.37623596191406,118.295654296875,97.60115814208984,128.5116424560547,40.03857421875,25.0,Real
c23__videos__644,c23,71,2.84,171.23257446289062,115.48628234863281,95.87371063232422,125.92192077636719,42.66517639160156,25.0,Real
c23__videos__644,c23,72,2.88,170.34686279296875,115.3211441040039,95.47714233398438,125.58687591552734,42.9151496887207,25.0,Real
c23__videos__644,c23,73,2.92,171.8325653076172,116.06914520263672,95.16114044189453,126.4148941040039,42.5860710144043,25.0,Real
c23__videos__644,c23,74,2.96,170.68113708496094,115.68743133544922,94.41714477539062,125.84337615966797,41.98588943481445,25.0,Real
c23__videos__644,c23,75,3.0,171.85623168945312,115.98550415039062,95.29043579101562,126.36943817138672,41.5676155090332,25.0,Real
c23__videos__644,c23,76,3.04,169.51014709472656,114.3298568725586,94.10956573486328,124.60128784179688,42.518760681152344,25.0,Real
c23__videos__644,c23,77,3.08,169.74783325195312,114.75594329833984,94.39362335205078,124.97705841064453,42.241580963134766,25.0,Real
c23__videos__644,c23,78,3.12,170.16000366210938,115.11478424072266,94.3930435180664,125.3212890625,41.678279876708984,25.0,Real
c23__videos__644,c23,79,3.16,171.10203552246094,115.19072723388672,95.90203094482422,125.68482208251953,41.061161041259766,25.0,Real
c23__videos__644,c23,80,3.2,171.3501434326172,115.55999755859375,95.97159576416016,126.00670623779297,40.618255615234375,25.0,Real
c23__videos__644,c23,81,3.24,171.1571044921875,115.23014831542969,96.17565155029297,125.7444839477539,40.70845031738281,25.0,Real
c23__videos__644,c23,82,3.28,168.817138671875,113.86799621582031,94.67942810058594,124.16477966308594,41.3177604675293,25.0,Real
c23__videos__644,c23,83,3.32,170.6881103515625,114.94493103027344,96.03826141357422,125.43087005615234,40.38679122924805,25.0,Real
c23__videos__644,c23,84,3.36,171.65333557128906,115.68811798095703,96.54492950439453,126.20418548583984,40.33224868774414,25.0,Real
c23__videos__644,c23,85,3.4,171.36231994628906,115.71942138671875,96.4684066772461,126.15918731689453,40.42252731323242,25.0,Real
c23__videos__644,c23,86,3.44,171.1292724609375,115.92927551269531,96.11652374267578,126.23432159423828,40.29041290283203,25.0,Real
c23__videos__644,c23,87,3.48,167.4005584716797,112.87831115722656,94.59098815917969,123.14939880371094,41.861331939697266,25.0,Real
c23__videos__644,c23,88,3.52,167.53143310546875,112.84571075439453,95.17657470703125,123.1961898803711,40.45534133911133,25.0,Real
c23__videos__644,c23,89,3.56,167.10800170898438,112.17828369140625,94.71085357666016,122.59519958496094,40.72308349609375,25.0,Real
c23__videos__644,c23,90,3.6,165.48927307128906,111.28231811523438,93.05564880371094,121.49076080322266,38.154869079589844,25.0,Real
c23__videos__644,c23,91,3.64,163.38087463378906,109.37970733642578,91.9884033203125,119.60469818115234,37.9859733581543,25.0,Real
c23__videos__644,c23,92,3.68,158.54742431640625,105.65599822998047,88.18399810791016,115.63924407958984,39.526397705078125,25.0,Real
c23__videos__644,c23,93,3.72,157.59072875976562,104.89449310302734,86.86434936523438,114.79594421386719,40.3663215637207,25.0,Real
c23__videos__644,c23,94,3.76,155.72348022460938,103.63652038574219,84.78492736816406,113.34912109375,42.36939239501953,25.0,Real
c23__videos__644,c23,95,3.8,158.06642150878906,104.60205078125,86.99637603759766,114.69745635986328,42.334110260009766,25.0,Real
c23__videos__644,c23,96,3.84,159.39303588867188,105.94666290283203,87.85623168945312,116.00324249267578,39.74209976196289,25.0,Real
c23__videos__644,c23,97,3.88,161.25143432617188,107.13771057128906,90.19999694824219,117.41939544677734,40.06641387939453,25.0,Real
c23__videos__644,c23,98,3.92,162.90513610839844,109.17256927490234,91.16742706298828,119.296142578125,39.637142181396484,25.0,Real
c23__videos__644,c23,99,3.96,165.001708984375,110.31256866455078,92.447998046875,120.649658203125,39.30556869506836,25.0,Real
c23__videos__644,c23,100,4.0,164.9114227294922,110.1971435546875,92.52628326416016,120.5535659790039,40.02616500854492,25.0,Real
c23__videos__644,c23,101,4.04,165.2491455078125,110.58057403564453,92.71314239501953,120.91307830810547,40.045631408691406,25.0,Real
c23__videos__644,c23,102,4.08,166.6588592529297,111.7434310913086,93.07257080078125,122.0704116821289,40.141117095947266,25.0,Real
c23__videos__644,c23,103,4.12,166.50816345214844,111.61408233642578,93.9250717163086,122.0074234008789,41.11273193359375,25.0,Real
c23__videos__644,c23,104,4.16,167.4348602294922,112.49542999267578,94.9154281616211,122.90626525878906,40.20254898071289,25.0,Real
c23__videos__644,c23,105,4.2,167.62171936035156,112.61885833740234,94.7971420288086,123.0257339477539,40.219459533691406,25.0,Real
c23__videos__644,c23,106,4.24,167.36685180664062,112.72686004638672,94.58914184570312,123.03377532958984,40.174415588378906,25.0,Real
c23__videos__644,c23,107,4.28,170.54800415039062,114.37771606445312,96.34571075439453,125.01760864257812,40.21213150024414,25.0,Real
c23__videos__644,c23,108,4.32,170.55543518066406,114.61199951171875,96.27999877929688,125.18199920654297,40.274757385253906,25.0,Real
c23__videos__644,c23,109,4.36,171.35714721679688,115.10343170166016,96.94914245605469,125.75223541259766,40.196475982666016,25.0,Real
c23__videos__644,c23,110,4.4,171.29086303710938,115.50457000732422,96.80400085449219,126.01455688476562,40.307926177978516,25.0,Real
c23__videos__644,c23,111,4.44,172.69142150878906,116.04571533203125,97.57656860351562,126.755126953125,40.4915885925293,25.0,Real
c23__videos__644,c23,112,4.48,172.74285888671875,116.33885955810547,97.85142517089844,126.99555206298828,40.547569274902344,25.0,Real
c23__videos__644,c23,113,4.52,171.77633666992188,115.47492980957031,97.40563201904297,126.14000701904297,41.282413482666016,25.0,Real
c23__videos__644,c23,114,4.56,171.1898651123047,115.3774642944336,96.65746307373047,125.8916015625,41.417327880859375,25.0,Real
c23__videos__644,c23,115,4.6,172.2219696044922,115.59831237792969,97.43887329101562,126.32538604736328,41.54596710205078,25.0,Real
c23__videos__644,c23,116,4.64,172.50343322753906,116.06513977050781,97.84571075439453,126.74848175048828,41.039886474609375,25.0,Real
c23__videos__644,c23,117,4.68,172.9891357421875,116.19999694824219,98.25028228759766,126.97740173339844,40.95795822143555,25.0,Real
c23__videos__644,c23,118,4.72,172.7765655517578,116.4422836303711,97.85256958007812,127.0767822265625,40.59572982788086,25.0,Real
c23__videos__644,c23,119,4.76,172.2304229736328,115.35324096679688,98.0450668334961,126.19568634033203,41.71398162841797,25.0,Real
c23__videos__644,c23,120,4.8,173.32228088378906,116.31428527832031,98.69599914550781,127.16215515136719,41.21078109741211,25.0,Real
c23__videos__644,c23,121,4.84,173.3845672607422,116.2040023803711,98.8154296875,127.10514068603516,41.151363372802734,25.0,Real
c23__videos__644,c23,122,4.88,172.97999572753906,116.26571655273438,98.18342590332031,127.01763153076172,41.12376403808594,25.0,Real
c23__videos__644,c23,123,4.92,173.4491424560547,116.26742553710938,98.8634262084961,127.16768646240234,41.12060546875,25.0,Real
c23__videos__644,c23,124,4.96,173.69371032714844,116.5182876586914,99.41485595703125,127.43891143798828,40.84326171875,25.0,Real
c23__videos__644,c23,125,5.0,173.72857666015625,116.41313934326172,99.67657470703125,127.3900146484375,40.97721862792969,25.0,Real
c23__videos__644,c23,126,5.04,173.23028564453125,116.44971466064453,99.07771301269531,127.26699829101562,40.85673904418945,25.0,Real
c23__videos__644,c23,127,5.08,174.3971405029297,117.27542877197266,101.06228637695312,128.24891662597656,40.47084426879883,25.0,Real
c23__videos__644,c23,128,5.12,174.2354278564453,117.5,101.0988540649414,128.37779235839844,40.108150482177734,25.0,Real
c23__videos__644,c23,129,5.16,174.5262908935547,117.64456939697266,101.35086059570312,128.56121826171875,40.56851577758789,25.0,Real
c23__videos__644,c23,130,5.2,174.30970764160156,117.7702865600586,100.83999633789062,128.56820678710938,40.859230041503906,25.0,Real
c23__videos__644,c23,131,5.24,174.8040008544922,117.6634292602539,101.11486053466797,128.61671447753906,41.2955207824707,25.0,Real
c23__videos__644,c23,132,5.28,174.4594268798828,117.70857238769531,101.16571807861328,128.57940673828125,41.44758224487305,25.0,Real
c23__videos__644,c23,133,5.32,172.90028381347656,116.0890121459961,100.437744140625,127.03706359863281,43.09302520751953,25.0,Real
c23__videos__644,c23,134,5.36,172.05746459960938,115.67887115478516,98.8371810913086,126.4489974975586,45.09114456176758,25.0,Real
c23__videos__644,c23,135,5.4,174.72789001464844,117.2135238647461,100.78985595703125,128.25527954101562,44.97520446777344,25.0,Real
c23__videos__644,c23,136,5.44,173.50743103027344,116.72228240966797,100.31828308105469,127.61043548583984,44.493675231933594,25.0,Real
c23__videos__644,c23,137,5.48,174.58343505859375,118.72514343261719,100.77143096923828,129.30435180664062,42.18981170654297,25.0,Real
c23__videos__644,c23,138,5.52,176.94171142578125,119.68342590332031,102.50057220458984,130.61595153808594,41.60525894165039,25.0,Real
c23__videos__644,c23,139,5.56,173.93714904785156,117.60800170898438,100.4011459350586,128.34124755859375,42.50526428222656,25.0,Real
c23__videos__644,c23,140,5.6,174.84628295898438,118.28343200683594,100.5874252319336,129.0310516357422,41.43391036987305,25.0,Real
c23__videos__644,c23,141,5.64,175.0240020751953,118.64456939697266,100.38457489013672,129.31246948242188,41.79146957397461,25.0,Real
c23__videos__644,c23,142,5.68,174.9737091064453,118.42456817626953,100.4800033569336,129.1513214111328,41.31550216674805,25.0,Real
c23__videos__644,c23,143,5.72,175.66000366210938,118.8297119140625,100.72342681884766,129.60455322265625,40.82958984375,25.0,Real
c23__videos__644,c23,144,5.76,176.3411407470703,119.07543182373047,100.96971130371094,129.94288635253906,40.63357925415039,25.0,Real
c23__videos__644,c23,145,5.8,175.81484985351562,119.02171325683594,100.33428192138672,129.7467041015625,41.40253448486328,25.0,Real
c23__videos__644,c23,146,5.84,176.0914306640625,118.63028717041016,100.87542724609375,129.5646209716797,40.72120666503906,25.0,Real
c23__videos__644,c23,147,5.88,175.1312713623047,117.91661834716797,99.85802459716797,128.77662658691406,42.18958282470703,25.0,Real
c23__videos__644,c23,148,5.92,174.8433837890625,117.69351959228516,99.74929809570312,128.54800415039062,41.5611457824707,25.0,Real
c23__videos__644,c23,149,5.96,174.7769012451172,117.82591247558594,99.25013732910156,128.59251403808594,42.023921966552734,25.0,Real
c23__videos__644,c23,150,6.0,174.6963348388672,117.09239196777344,99.23267364501953,128.04953002929688,42.89462661743164,25.0,Real
c23__videos__644,c23,151,6.04,174.46534729003906,117.18929290771484,98.51436614990234,128.01785278320312,42.64570999145508,25.0,Real
c23__videos__644,c23,152,6.08,174.74366760253906,117.2225341796875,98.61351776123047,128.1079559326172,42.562255859375,25.0,Real
c23__videos__644,c23,153,6.12,173.55662536621094,116.66084289550781,97.48112487792969,127.37211608886719,43.482879638671875,25.0,Real
c23__videos__644,c23,154,6.16,175.32620239257812,117.25634002685547,98.98704528808594,128.28294372558594,42.60484313964844,25.0,Real
c23__videos__644,c23,155,6.2,174.9014129638672,116.90028381347656,98.59380340576172,127.90959167480469,42.95787811279297,25.0,Real
c23__videos__644,c23,156,6.24,174.4062042236328,116.3487319946289,98.0236587524414,127.36868286132812,43.9495735168457,25.0,Real
c23__videos__644,c23,157,6.28,171.45689392089844,114.7481689453125,95.98986053466797,125.4500961303711,42.730072021484375,25.0,Real
c23__videos__644,c23,158,6.32,172.29464721679688,114.65746307373047,96.44563293457031,125.59624481201172,42.34200668334961,25.0,Real
c23__videos__644,c23,159,6.36,172.07154846191406,113.9470443725586,95.61802673339844,124.98095703125,41.87907791137695,25.0,Real
c23__videos__644,c23,160,6.4,171.6999969482422,113.869140625,95.54856872558594,124.84123229980469,41.29205322265625,25.0,Real
c23__videos__644,c23,161,6.44,170.82228088378906,113.7154312133789,95.03600311279297,124.50769805908203,40.68804168701172,25.0,Real
c23__videos__644,c23,162,6.48,171.20285034179688,113.38400268554688,95.47428894042969,124.3832015991211,41.28394317626953,25.0,Real
c23__videos__644,c23,163,6.52,170.3797149658203,112.6602783203125,94.54704284667969,123.62366485595703,41.272560119628906,25.0,Real
c23__videos__644,c23,164,6.56,170.0873260498047,112.35830688476562,94.5853500366211,123.3482894897461,41.33602523803711,25.0,Real
c23__videos__644,c23,165,6.6,170.07211303710938,112.72563171386719,94.16619873046875,123.57750701904297,41.41374206542969,25.0,Real
c23__videos__644,c23,166,6.64,169.7109832763672,112.54253387451172,94.88056182861328,123.42135620117188,40.882781982421875,25.0,Real
c23__videos__644,c23,167,6.68,169.7926788330078,112.92620086669922,94.6676025390625,123.69774627685547,40.39097213745117,25.0,Real
c23__videos__644,c23,168,6.72,170.35098266601562,113.2738037109375,95.0529556274414,124.0928726196289,39.88414001464844,25.0,Real
c23__videos__644,c23,169,6.76,169.532958984375,113.01183319091797,94.26140594482422,123.67444610595703,40.12743377685547,25.0,Real
c23__videos__644,c23,170,6.8,170.04281616210938,113.18141174316406,94.87774658203125,123.94862365722656,40.19058609008789,25.0,Real
c23__videos__644,c23,171,6.84,170.5030975341797,113.41746520996094,95.3628158569336,124.25032806396484,40.47343063354492,25.0,Real
c23__videos__644,c23,172,6.88,170.7707061767578,113.2518310546875,95.03718566894531,124.16524505615234,41.19741439819336,25.0,Real
c23__videos__644,c23,173,6.92,170.70309448242188,113.24845123291016,94.36845397949219,124.10017395019531,41.760623931884766,25.0,Real
c23__videos__644,c23,174,6.96,170.62171936035156,112.72457122802734,94.61314392089844,123.72586822509766,40.99853515625,25.0,Real
c23__videos__644,c23,175,7.0,165.49464416503906,108.86084747314453,90.76844787597656,119.59491729736328,41.80980682373047,25.0,Real
c23__videos__644,c23,176,7.04,163.0974578857422,107.69746398925781,89.90591430664062,118.19094848632812,41.03351974487305,25.0,Real
c23__videos__644,c23,177,7.08,160.55886840820312,105.77070617675781,87.51155090332031,116.1003646850586,41.59562683105469,25.0,Real
c23__videos__644,c23,178,7.12,159.3616943359375,104.5999984741211,86.83943939208984,114.96002960205078,42.53188705444336,25.0,Real
c23__videos__644,c23,179,7.16,159.4884490966797,105.10704040527344,87.74253845214844,115.4148178100586,40.95159149169922,25.0,Real
c23__videos__644,c23,180,7.2,159.58985900878906,105.518310546875,88.12901306152344,115.75841522216797,40.09149169921875,25.0,Real
c23__videos__644,c23,181,7.24,161.80056762695312,107.8239974975586,89.30342864990234,117.96223449707031,38.73044204711914,25.0,Real
c23__videos__644,c23,182,7.28,163.42913818359375,108.7691421508789,92.05028533935547,119.1827621459961,37.63031768798828,25.0,Real
c23__videos__644,c23,183,7.32,164.3028564453125,109.94457244873047,92.82857513427734,120.26537322998047,36.519771575927734,25.0,Real
c23__videos__644,c23,184,7.36,165.988525390625,110.53260803222656,93.39915466308594,121.08550262451172,37.331790924072266,25.0,Real
c23__videos__644,c23,185,7.4,164.150146484375,109.68695831298828,91.5339126586914,119.95518493652344,38.728206634521484,25.0,Real
c23__videos__644,c23,186,7.44,164.42840576171875,110.00289916992188,92.91130065917969,120.33975219726562,37.653175354003906,25.0,Real
c23__videos__644,c23,187,7.48,166.9589385986328,112.3067626953125,95.13587188720703,122.68608093261719,39.78738021850586,25.0,Real
c23__videos__644,c23,188,7.52,169.08639526367188,114.24142456054688,96.30453491210938,124.6064224243164,39.80384826660156,25.0,Real
c23__videos__644,c23,189,7.56,168.6776885986328,113.79710388183594,95.50608825683594,124.14410400390625,39.75340270996094,25.0,Real
c23__videos__644,c23,190,7.6,168.6411590576172,113.35188293457031,95.77796936035156,123.8375473022461,40.22881317138672,25.0,Real
c23__videos__644,c23,191,7.64,169.5735321044922,114.13970947265625,95.96507263183594,124.61272430419922,39.209716796875,25.0,Real
c23__videos__644,c23,192,7.68,167.32608032226562,112.1382827758789,95.03985595703125,122.63670349121094,39.52668762207031,25.0,Real
c23__videos__644,c23,193,7.72,165.44668579101562,110.88419342041016,92.20098114013672,121.13525390625,39.77637481689453,25.0,Real
c23__videos__644,c23,194,7.76,157.1400909423828,104.95954132080078,87.09420013427734,114.76324462890625,42.88841247558594,25.0,Real
c23__videos__644,c23,195,7.8,157.40057373046875,105.65275573730469,87.56753540039062,115.34858703613281,41.43500900268555,25.0,Real
c23__videos__644,c23,196,7.84,157.05043029785156,105.92347717285156,87.2405776977539,115.44416809082031,40.97953414916992,25.0,Real
c23__videos__644,c23,197,7.88,157.8336181640625,105.81449127197266,87.9542007446289,115.5842514038086,40.200748443603516,25.0,Real
c23__videos__644,c23,198,7.92,157.02493286132812,105.46434783935547,87.1385498046875,115.1030044555664,40.807682037353516,25.0,Real
c23__videos__644,c23,199,7.96,158.7818603515625,106.78431701660156,88.32353210449219,116.5061264038086,39.471160888671875,25.0,Real
c23__videos__644,c23,200,8.0,157.86581420898438,106.5618896484375,87.50857543945312,116.09345245361328,40.02683639526367,25.0,Real
c23__videos__644,c23,201,8.04,159.973876953125,106.98632049560547,88.8302230834961,116.94061279296875,38.579368591308594,25.0,Real
c23__videos__644,c23,202,8.08,159.8184051513672,106.83457946777344,88.6697769165039,116.78743743896484,38.310142517089844,25.0,Real
c23__videos__644,c23,203,8.12,158.47181701660156,105.74755096435547,88.07046508789062,115.6804428100586,39.677520751953125,25.0,Real
c23__videos__644,c23,204,8.16,157.7696075439453,105.76470947265625,87.32414245605469,115.48954772949219,39.859310150146484,25.0,Real
c23__videos__644,c23,205,8.2,158.28370666503906,105.40441131591797,87.4754867553711,115.35208129882812,40.05948257446289,25.0,Real
c23__videos__644,c23,206,8.24,155.57850646972656,103.15338134765625,85.26026916503906,113.007080078125,41.44303894042969,25.0,Real
c23__videos__644,c23,207,8.28,154.45712280273438,102.30978393554688,84.43236541748047,112.10556030273438,42.91673278808594,25.0,Real
c23__videos__644,c23,208,8.32,154.0115966796875,102.45854949951172,84.2660903930664,112.10523223876953,42.814640045166016,25.0,Real
c23__videos__644,c23,209,8.36,154.5281219482422,102.16000366210938,84.69507598876953,112.0324935913086,42.37983322143555,25.0,Real
c23__videos__644,c23,210,8.4,152.2622833251953,100.97371673583984,83.58057403564453,110.62188720703125,42.98719024658203,25.0,Real
c23__videos__644,c23,211,8.44,154.67572021484375,102.35507202148438,84.47282409667969,112.18734741210938,42.31454086303711,25.0,Real
c23__videos__644,c23,212,8.48,153.3820343017578,101.91304016113281,83.3298568725586,111.51364135742188,42.18986129760742,25.0,Real
c23__videos__644,c23,213,8.52,154.2979736328125,102.36637878417969,84.3159408569336,112.10379791259766,41.330440521240234,25.0,Real
c23__videos__644,c23,214,8.56,154.93357849121094,102.27234649658203,84.59903717041016,112.19210815429688,42.420204162597656,25.0,Real
c23__videos__644,c23,215,8.6,154.4281463623047,102.0338134765625,84.83031463623047,111.93075561523438,42.254032135009766,25.0,Real
c23__videos__644,c23,216,8.64,154.8892822265625,102.7501449584961,84.568115234375,112.52217102050781,41.03752517700195,25.0,Real
c23__videos__644,c23,217,8.68,156.27420043945312,102.86782836914062,86.33333587646484,113.02823638916016,40.4401969909668,25.0,Real
c23__videos__644,c23,218,8.72,154.97085571289062,101.9805679321289,85.95999908447266,112.0896224975586,41.09902572631836,25.0,Real
c23__videos__644,c23,219,8.76,154.2298583984375,101.46197509765625,85.64788818359375,111.53864288330078,42.14917755126953,25.0,Real
c23__videos__644,c23,220,8.8,153.69577026367188,101.47943878173828,84.88563537597656,111.38255310058594,42.642127990722656,25.0,Real
c23__videos__644,c23,221,8.84,155.50399780273438,102.64228820800781,86.22342681884766,112.69525146484375,41.49370574951172,25.0,Real
c23__videos__644,c23,222,8.88,155.4097137451172,102.57771301269531,86.52285766601562,112.65064239501953,42.14471435546875,25.0,Real
c23__videos__644,c23,223,8.92,155.87942504882812,102.88228607177734,85.9662857055664,112.92814636230469,42.57652282714844,25.0,Real
c23__videos__644,c23,224,8.96,156.78399658203125,103.73771667480469,86.70742797851562,113.7857666015625,40.95620346069336,25.0,Real
c23__videos__644,c23,225,9.0,158.08399963378906,104.43142700195312,88.22743225097656,114.66803741455078,40.28424835205078,25.0,Real
c23__videos__644,c23,226,9.04,159.6759490966797,106.08638000488281,88.88057708740234,116.23726654052734,39.032127380371094,25.0,Real
c23__videos__644,c23,227,9.08,160.36000061035156,106.29739379882812,89.60289764404297,116.58576202392578,38.35570526123047,25.0,Real
c23__videos__644,c23,228,9.12,158.4622802734375,105.38343048095703,87.77828216552734,115.39690399169922,39.82860565185547,25.0,Real
c23__videos__644,c23,229,9.16,157.7926788330078,104.42591857910156,87.5492935180664,114.55320739746094,41.080013275146484,25.0,Real
c23__videos__644,c23,230,9.2,157.2219696044922,103.75605773925781,86.49352264404297,113.87654876708984,43.14198303222656,25.0,Real
c23__videos__644,c23,231,9.24,157.4309844970703,103.9549331665039,86.70027923583984,114.0781478881836,43.0597038269043,25.0,Real
c23__videos__644,c23,232,9.28,158.84800720214844,105.5874252319336,87.7845687866211,115.62525939941406,41.591705322265625,25.0,Real
c23__videos__644,c23,233,9.32,159.63771057128906,105.80457305908203,88.72114562988281,116.01607513427734,41.12114715576172,25.0,Real
c23__videos__644,c23,234,9.36,159.68057250976562,105.7434310913086,88.80742645263672,115.98768615722656,41.30768966674805,25.0,Real
c23__videos__644,c23,235,9.4,160.4239959716797,105.99542999267578,89.39600372314453,116.36846160888672,41.274444580078125,25.0,Real
c23__videos__644,c23,236,9.44,160.62399291992188,106.47599792480469,89.38114166259766,116.75361633300781,40.716392517089844,25.0,Real
c23__videos__644,c23,237,9.48,161.76686096191406,106.79486083984375,90.73200225830078,117.3221664428711,40.06891632080078,25.0,Real
c23__videos__644,c23,238,9.52,161.64114379882812,106.7828598022461,90.55828857421875,117.27432250976562,40.04607391357422,25.0,Real
c23__videos__644,c23,239,9.56,162.37542724609375,106.9394302368164,90.1182861328125,117.5106430053711,41.07957077026367,25.0,Real
c23__videos__644,c23,240,9.6,162.12686157226562,107.2702865600586,90.11542510986328,117.6942138671875,40.588829040527344,25.0,Real
c23__videos__644,c23,241,9.64,162.83485412597656,107.57371520996094,91.64571380615234,118.17223358154297,39.82781219482422,25.0,Real
c23__videos__644,c23,242,9.68,164.11143493652344,108.63200378417969,92.64456939697266,119.27263641357422,39.04570007324219,25.0,Real
c23__videos__644,c23,243,9.72,164.2777099609375,108.94514465332031,92.74400329589844,119.53912353515625,39.38551330566406,25.0,Real
c23__videos__644,c23,244,9.76,164.54627990722656,109.37142944335938,92.65714263916016,119.89482879638672,38.78862762451172,25.0,Real
c23__videos__644,c23,245,9.8,165.75885009765625,109.7817153930664,93.9085693359375,120.53642272949219,38.763973236083984,25.0,Real
c23__videos__644,c23,246,9.84,165.70799255371094,109.8085708618164,93.05599975585938,120.48326110839844,39.59461212158203,25.0,Real
c23__videos__644,c23,247,9.88,166.08743286132812,109.97028350830078,93.41885375976562,120.7057876586914,39.74464416503906,25.0,Real
c23__videos__644,c23,248,9.92,166.7605743408203,110.97391510009766,93.45275115966797,121.56912994384766,39.37443161010742,25.0,Real
c23__videos__644,c23,249,9.96,166.53680419921875,110.67826080322266,93.40406036376953,121.30659484863281,39.324317932128906,25.0,Real
c23__videos__644,c23,250,10.0,165.68228149414062,110.39371490478516,93.65885925292969,120.93980407714844,38.793617248535156,25.0,Real
c23__videos__644,c23,251,10.04,166.2502899169922,110.46685791015625,94.92228698730469,121.2041015625,38.12764358520508,25.0,Real
c23__videos__644,c23,252,10.08,166.64743041992188,110.89942932128906,95.33142852783203,121.62744903564453,38.18705749511719,25.0,Real
c23__videos__644,c23,253,10.12,166.6051483154297,110.63314056396484,95.29885864257812,121.4256591796875,38.614315032958984,25.0,Real
c23__videos__644,c23,254,10.16,166.89028930664062,111.3634262084961,95.72856903076172,122.03960418701172,37.71129608154297,25.0,Real
c23__videos__644,c23,255,10.2,166.87713623046875,111.0719985961914,96.4068603515625,121.87734985351562,37.88610076904297,25.0,Real
c23__videos__644,c23,256,10.24,166.57159423828125,110.60753631591797,95.37333679199219,121.40557861328125,40.15290451049805,25.0,Real
c23__videos__644,c23,257,10.28,166.79884338378906,110.47478485107422,94.91130065917969,121.32559967041016,40.31619644165039,25.0,Real
c23__videos__644,c23,258,10.32,163.8900909423828,108.59359741210938,92.09722137451172,119.1585922241211,44.07524490356445,25.0,Real
c23__videos__644,c23,259,10.36,165.6231689453125,109.03431701660156,93.63664245605469,119.9533920288086,44.22978591918945,25.0,Real
c23__videos__644,c23,260,10.4,92.69277954101562,90.84889221191406,83.17778015136719,90.68704986572266,30.96263885498047,25.0,Real
c23__videos__644,c23,261,10.44,55.27344512939453,56.240779876708984,69.20442199707031,56.971099853515625,4.944362163543701,25.0,Real
c23__videos__644,c23,262,10.48,107.75942993164062,96.67543029785156,78.9942855834961,97.75530242919922,43.293880462646484,25.0,Real
c23__videos__644,c23,263,10.52,141.31617736816406,95.35232543945312,81.35784149169922,104.11383819580078,56.31924819946289,25.0,Real
c23__videos__644,c23,264,10.56,162.72303771972656,107.42279052734375,92.43627166748047,118.09759521484375,48.82425308227539,25.0,Real
c23__videos__644,c23,265,10.6,91.85778045654297,89.97611236572266,83.32444763183594,89.89590454101562,30.757766723632812,25.0,Real
c23__videos__644,c23,266,10.64,55.37776565551758,56.18071746826172,69.17070770263672,56.9478874206543,4.900559902191162,25.0,Real
c23__videos__644,c23,267,10.68,56.131717681884766,57.0885124206543,69.55795288085938,57.785400390625,4.36085319519043,25.0,Real
c23__videos__644,c23,268,10.72,56.30558395385742,57.13488006591797,69.40990447998047,57.84482955932617,4.326754570007324,25.0,Real
c23__videos__644,c23,269,10.76,56.418861389160156,57.125396728515625,69.2802963256836,57.8527717590332,4.311783790588379,25.0,Real
c23__videos__644,c23,270,10.8,101.61314392089844,92.56343078613281,75.61714172363281,93.26387786865234,46.447044372558594,25.0,Real
c23__videos__644,c23,271,10.84,132.97885131835938,87.59485626220703,74.92514038085938,96.32874298095703,57.6203727722168,25.0,Real
c23__videos__644,c23,272,10.88,160.88284301757812,107.01811218261719,89.88888549804688,117.2330322265625,47.81110382080078,25.0,Real
c23__videos__644,c23,273,10.92,165.00120544433594,109.36231994628906,92.78562927246094,119.99430084228516,42.653953552246094,25.0,Real
c23__videos__644,c23,274,10.96,165.6431121826172,109.88043212890625,93.0,120.51681518554688,41.04625701904297,25.0,Real
c23__videos__644,c23,275,11.0,166.61050415039062,110.35265350341797,93.06098937988281,121.06461334228516,41.447784423828125,25.0,Real
c23__videos__644,c23,276,11.04,166.44232177734375,110.44522094726562,92.68985748291016,121.06826782226562,40.5989875793457,25.0,Real
c23__videos__644,c23,277,11.08,166.96694946289062,110.14840698242188,93.49275207519531,121.0254898071289,40.189910888671875,25.0,Real
c23__videos__644,c23,278,11.12,166.81333923339844,109.96405792236328,93.19478607177734,120.8394775390625,40.66108322143555,25.0,Real
c23__videos__644,c23,279,11.16,165.21600341796875,108.5982894897461,92.56285858154297,119.47744750976562,40.93449020385742,25.0,Real
c23__videos__644,c23,280,11.2,165.05770874023438,108.86114501953125,92.04914093017578,119.59471130371094,41.16801452636719,25.0,Real
c23__videos__644,c23,281,11.24,166.19142150878906,109.2828598022461,92.7057113647461,120.18475341796875,41.35437774658203,25.0,Real
c23__videos__644,c23,282,11.28,166.0382537841797,109.44406127929688,92.76000213623047,120.27139282226562,41.21138000488281,25.0,Real
c23__videos__644,c23,283,11.32,165.36114501953125,108.79656982421875,92.16285705566406,119.62124633789062,41.778175354003906,25.0,Real
c23__videos__644,c23,284,11.36,165.12571716308594,108.89314270019531,91.63600158691406,119.60222625732422,41.91557312011719,25.0,Real
c23__videos__644,c23,285,11.4,165.67428588867188,109.08000183105469,92.24971771240234,119.89679718017578,41.575836181640625,25.0,Real
c23__videos__644,c23,286,11.44,164.843994140625,108.53485870361328,91.80685424804688,119.29841613769531,42.16081237792969,25.0,Real
c23__videos__644,c23,287,11.48,163.66970825195312,107.7057113647461,91.28343200683594,118.41797637939453,42.309207916259766,25.0,Real
c23__videos__644,c23,288,11.52,161.77085876464844,106.67713928222656,90.02628326416016,117.18787384033203,39.996925354003906,25.0,Real
c23__videos__644,c23,289,11.56,158.81295776367188,104.5566177368164,88.49577331542969,114.93193054199219,40.68113708496094,25.0,Real
c23__videos__644,c23,290,11.6,157.686767578125,103.21014404296875,86.98027801513672,113.62007141113281,42.674171447753906,25.0,Real
c23__videos__644,c23,291,11.64,158.0180206298828,103.13465118408203,88.430419921875,113.74121856689453,40.110164642333984,25.0,Real
c23__videos__644,c23,292,11.68,157.65126037597656,103.10140991210938,87.86366271972656,113.59854888916016,40.74087142944336,25.0,Real
c23__videos__644,c23,293,11.72,156.98309326171875,102.23831176757812,87.44732666015625,112.80913543701172,41.82539749145508,25.0,Real
c23__videos__644,c23,294,11.76,157.369140625,103.10456848144531,87.85086059570312,113.5398941040039,40.37581253051758,25.0,Real
c23__videos__644,c23,295,11.8,158.36000061035156,104.0605697631836,88.76171112060547,114.50005340576172,38.710121154785156,25.0,Real
c23__videos__644,c23,296,11.84,158.81314086914062,104.50971221923828,88.61771392822266,114.90723419189453,38.79531478881836,25.0,Real
c23__videos__644,c23,297,11.88,158.4222869873047,104.02171325683594,88.6645736694336,114.47848510742188,39.22089767456055,25.0,Real
c23__videos__644,c23,298,11.92,157.9097137451172,103.8337173461914,88.1508560180664,114.19796752929688,39.76779556274414,25.0,Real
c23__videos__644,c23,299,11.96,158.0222930908203,103.45085906982422,88.49885559082031,113.97321319580078,39.78550720214844,25.0,Real
c23__videos__644,c23,300,12.0,157.3702850341797,102.8491439819336,88.00514221191406,113.36860656738281,39.75933837890625,25.0,Real
c23__videos__644,c23,301,12.04,157.0382843017578,102.7434310913086,87.92514038085938,113.21663665771484,39.90928649902344,25.0,Real
c23__videos__644,c23,302,12.08,157.65797424316406,103.20753479003906,87.53333282470703,113.65203094482422,40.03181838989258,25.0,Real
c23__videos__644,c23,303,12.12,158.0747833251953,103.43246459960938,87.9518814086914,113.93172454833984,39.046993255615234,25.0,Real
c23__videos__644,c23,304,12.16,158.6620330810547,104.21159362792969,89.09622955322266,114.6964340209961,38.276885986328125,25.0,Real
c23__videos__644,c23,305,12.2,158.4649200439453,103.86782836914062,88.52115631103516,114.36713409423828,38.70897674560547,25.0,Real
c23__videos__644,c23,306,12.24,157.75767517089844,103.79478454589844,87.86666870117188,114.11727905273438,38.62419128417969,25.0,Real
c23__videos__644,c23,307,12.28,157.55419921875,102.86376953125,86.91651916503906,113.33956146240234,40.231082916259766,25.0,Real
c23__videos__644,c23,308,12.32,158.51478576660156,103.67130279541016,88.10028839111328,114.20680236816406,38.89090347290039,25.0,Real
c23__videos__644,c23,309,12.36,157.8846435546875,103.02376556396484,87.23767852783203,113.54743957519531,39.22296905517578,25.0,Real
c23__videos__644,c23,310,12.4,158.45449829101562,104.07826232910156,87.76058197021484,114.46051025390625,38.1686897277832,25.0,Real
c23__videos__644,c23,311,12.44,158.15142822265625,103.47028350830078,87.50399780273438,113.94273376464844,39.354515075683594,25.0,Real
c23__videos__644,c23,312,12.48,156.78457641601562,102.34857177734375,85.84114074707031,112.72982025146484,40.95396041870117,25.0,Real
c23__videos__644,c23,313,12.52,158.0771484375,103.01485443115234,87.23828887939453,113.58203887939453,40.124874114990234,25.0,Real
c23__videos__644,c23,314,12.56,159.34898376464844,104.77970886230469,88.1089859008789,115.17750549316406,38.189510345458984,25.0,Real
c23__videos__644,c23,315,12.6,160.77622985839844,105.47652435302734,90.42376708984375,116.14643096923828,37.240562438964844,25.0,Real
c23__videos__644,c23,316,12.64,161.00985717773438,105.79130554199219,89.76985168457031,116.3740234375,38.3615837097168,25.0,Real
c23__videos__644,c23,317,12.68,160.92869567871094,105.82144927978516,89.84637451171875,116.38385772705078,38.2935791015625,25.0,Real
c23__videos__644,c23,318,12.72,160.42149353027344,106.06763458251953,88.8840560913086,116.38260650634766,38.95354080200195,25.0,Real
c23__videos__644,c23,319,12.76,160.04408264160156,105.08574676513672,89.11412811279297,115.61673736572266,39.50993728637695,25.0,Real
c23__videos__644,c23,320,12.8,159.25120544433594,104.73369598388672,88.2747573852539,115.13578796386719,39.959571838378906,25.0,Real
c23__videos__644,c23,321,12.84,158.78744506835938,103.78140258789062,87.24577331542969,114.28181457519531,40.33760452270508,25.0,Real
c23__videos__644,c23,322,12.88,157.07125854492188,102.738525390625,84.13888549804688,112.94676208496094,43.49402618408203,25.0,Real
c23__videos__644,c23,323,12.92,157.55917358398438,102.28865051269531,85.49697875976562,112.8268051147461,42.336151123046875,25.0,Real
c23__videos__644,c23,324,12.96,157.77476501464844,102.69021606445312,84.73429870605469,113.10476684570312,43.08461380004883,25.0,Real
c23__videos__644,c23,325,13.0,154.45855712890625,100.14434814453125,82.62666320800781,110.42677307128906,45.769161224365234,25.0,Real
c23__videos__644,c23,326,13.04,155.72174072265625,101.72463989257812,83.43942260742188,111.88422393798828,44.68362045288086,25.0,Real
c23__videos__644,c23,327,13.08,156.26571655273438,101.736572265625,84.21028900146484,112.06407165527344,44.97702407836914,25.0,Real
c23__videos__644,c23,328,13.12,157.16456604003906,102.51657104492188,84.66228485107422,112.84565734863281,44.16562271118164,25.0,Real
c23__videos__644,c23,329,13.16,159.04685974121094,103.56742858886719,85.87942504882812,114.08528900146484,42.94121170043945,25.0,Real
c23__videos__644,c23,330,13.2,157.91656494140625,103.23714447021484,85.28971099853516,113.56617736816406,42.85374450683594,25.0,Real
c23__videos__644,c23,331,13.24,157.50743103027344,102.70114135742188,85.74057006835938,113.12841033935547,44.085182189941406,25.0,Real
c23__videos__644,c23,332,13.28,158.6314239501953,103.42857360839844,86.69657135009766,113.9566421508789,43.4499626159668,25.0,Real
c23__videos__644,c23,333,13.32,162.0382843017578,105.8731460571289,88.76685333251953,116.57878875732422,41.90506362915039,25.0,Real
c23__videos__644,c23,334,13.36,160.20742797851562,105.17371368408203,87.39085388183594,115.58995819091797,42.229312896728516,25.0,Real
c23__videos__644,c23,335,13.4,161.4156494140625,105.65623474121094,88.83594512939453,116.2962646484375,43.660587310791016,25.0,Real
c23__videos__644,c23,336,13.44,163.3455047607422,107.08232116699219,89.80985260009766,117.79681396484375,41.32481002807617,25.0,Real
c23__videos__644,c23,337,13.48,162.50144958496094,106.60579681396484,89.37564849853516,117.24520111083984,41.554161071777344,25.0,Real
c23__videos__644,c23,338,13.52,161.45797729492188,106.36811828613281,88.31652069091797,116.77689361572266,42.686405181884766,25.0,Real
c23__videos__644,c23,339,13.56,163.26608276367188,107.17565155029297,89.69680786132812,117.83850860595703,41.139808654785156,25.0,Real
c23__videos__644,c23,340,13.6,162.9176788330078,107.29855346679688,89.54029083251953,117.84103393554688,41.76309585571289,25.0,Real
c23__videos__644,c23,341,13.64,162.0469512939453,106.74260711669922,88.96231842041016,117.2165756225586,43.24237060546875,25.0,Real
c23__videos__644,c23,342,13.68,161.9368133544922,107.06666564941406,88.5565185546875,117.39562225341797,43.35600280761719,25.0,Real
c23__videos__644,c23,343,13.72,162.62258911132812,107.21316528320312,89.12439727783203,117.68719482421875,43.250282287597656,25.0,Real
c23__videos__644,c23,344,13.76,161.3224639892578,106.32669067382812,88.52717590332031,116.7336654663086,42.830631256103516,25.0,Real
c23__videos__644,c23,345,13.8,161.76388549804688,106.60688781738281,88.51388549804688,117.02694702148438,43.26484680175781,25.0,Real
c23__videos__644,c23,346,13.84,163.2451629638672,107.45349884033203,89.90036010742188,118.04747772216797,41.66120147705078,25.0,Real
c23__videos__644,c23,347,13.88,162.9365997314453,107.72342681884766,89.45712280273438,118.14292907714844,40.889068603515625,25.0,Real
c23__videos__644,c23,348,13.92,162.55072021484375,107.31219482421875,89.3387680053711,117.75822448730469,41.28649139404297,25.0,Real
c23__videos__644,c23,349,13.96,162.67269897460938,107.88465881347656,89.38164520263672,118.19669342041016,40.4747200012207,25.0,Real
c23__videos__644,c23,350,14.0,162.7205810546875,107.37159729003906,89.78666687011719,117.8691635131836,40.90462875366211,25.0,Real
c23__videos__644,c23,351,14.04,161.9298553466797,107.20289611816406,89.72811889648438,117.576171875,40.544830322265625,25.0,Real
c23__videos__644,c23,352,14.08,161.95591735839844,107.6497573852539,89.80555725097656,117.90689086914062,40.323673248291016,25.0,Real
c23__videos__644,c23,353,14.12,164.44021606445312,108.84359741210938,92.5477066040039,119.48688507080078,40.602699279785156,25.0,Real
c23__videos__644,c23,354,14.16,165.5089874267578,110.29855346679688,93.16869354248047,120.79950714111328,40.9202766418457,25.0,Real
c23__videos__644,c23,355,14.2,166.2434844970703,111.17623138427734,94.33333587646484,121.66746520996094,40.757389068603516,25.0,Real
c23__videos__644,c23,356,14.24,166.71014404296875,112.16000366210938,94.40058135986328,122.47512817382812,41.322235107421875,25.0,Real
c23__videos__644,c23,357,14.28,166.88870239257812,112.18956756591797,94.5501480102539,122.54503631591797,41.331783294677734,25.0,Real
c23__videos__644,c23,358,14.32,166.42343139648438,111.59257507324219,94.71199798583984,122.03083038330078,41.464202880859375,25.0,Real
c23__videos__644,c23,359,14.36,166.33999633789062,111.81028747558594,95.43828582763672,122.22125244140625,40.48031234741211,25.0,Real
c23__videos__644,c23,360,14.4,165.75485229492188,111.81999969482422,94.95085906982422,122.06859588623047,40.19975280761719,25.0,Real
c23__videos__644,c23,361,14.44,167.44456481933594,112.75428771972656,97.02799987792969,123.24600219726562,39.44021987915039,25.0,Real
c23__videos__644,c23,362,14.48,168.03543090820312,113.7182846069336,97.88971710205078,124.12328338623047,39.02521896362305,25.0,Real
c23__videos__644,c23,363,14.52,169.76405334472656,114.708984375,98.84347534179688,125.26820373535156,39.2049446105957,25.0,Real
c23__videos__644,c23,364,14.56,171.0833282470703,115.63949584960938,98.20108795166016,126.16780090332031,40.072383880615234,25.0,Real
c23__videos__644,c23,365,14.6,171.58816528320312,115.80133056640625,99.09359741210938,126.45531463623047,39.7425537109375,25.0,Real
c23__videos__644,c23,366,14.64,170.7228546142578,115.75599670410156,99.45085906982422,126.26472473144531,40.067108154296875,25.0,Real
c23__videos__644,c23,367,14.68,171.3034210205078,116.26685333251953,100.07828521728516,126.79882049560547,39.984066009521484,25.0,Real
c23__videos__644,c23,368,14.72,172.2519989013672,116.74971771240234,99.64057159423828,127.31421661376953,40.85620880126953,25.0,Real
c23__videos__644,c23,369,14.76,173.107421875,117.16000366210938,100.64685821533203,127.86216735839844,40.79983901977539,25.0,Real
c23__videos__644,c23,370,14.8,172.71885681152344,117.17428588867188,100.6451416015625,127.78965759277344,40.61662673950195,25.0,Real
c23__videos__644,c23,371,14.84,173.86343383789062,117.9268569946289,101.20685577392578,128.61178588867188,40.72020721435547,25.0,Real
c23__videos__644,c23,372,14.88,172.59713745117188,117.5971450805664,100.95600128173828,128.08865356445312,40.16011047363281,25.0,Real
c23__videos__644,c23,373,14.92,173.0005645751953,117.51085662841797,101.58000183105469,128.1577606201172,39.56119155883789,25.0,Real
c23__videos__644,c23,374,14.96,171.11485290527344,116.36514282226562,100.6520004272461,126.87044525146484,39.80064392089844,25.0,Real
c23__videos__644,c23,375,15.0,168.70057678222656,114.68914031982422,99.49371337890625,125.07486724853516,37.69674301147461,25.0,Real
c23__videos__644,c23,376,15.04,166.54400634765625,113.88971710205078,97.77771759033203,123.92073059082031,37.19093704223633,25.0,Real
c23__videos__644,c23,377,15.08,164.12901306152344,110.94929504394531,95.32225036621094,121.12702178955078,38.56686782836914,25.0,Real
c23__videos__644,c23,378,15.12,163.76856994628906,110.89656829833984,94.9337158203125,120.9846420288086,37.47853088378906,25.0,Real
c23__videos__644,c23,379,15.16,159.17771911621094,106.25543212890625,90.31143188476562,116.35555267333984,38.768592834472656,25.0,Real
c23__videos__644,c23,380,15.2,153.817138671875,102.60800170898438,85.70742797851562,112.27484130859375,41.656551361083984,25.0,Real
c23__videos__644,c23,381,15.24,155.73611450195312,103.9088134765625,87.53925323486328,113.74541473388672,40.51545333862305,25.0,Real
c23__videos__644,c23,382,15.28,156.9661865234375,104.8774185180664,88.4299545288086,114.76398468017578,38.55990219116211,25.0,Real
c23__videos__644,c23,383,15.32,157.1213836669922,105.14613342285156,88.68296813964844,115.00743865966797,38.20455551147461,25.0,Real
c23__videos__644,c23,384,15.36,157.0979766845703,104.79304504394531,88.49565124511719,114.73639678955078,38.39696502685547,25.0,Real
c23__videos__644,c23,385,15.4,154.49429321289062,102.75199890136719,86.54285430908203,112.58210754394531,40.65393829345703,25.0,Real
c23__videos__644,c23,386,15.44,154.87257385253906,103.02799987792969,87.0594253540039,112.89723205566406,40.05217361450195,25.0,Real
c23__videos__644,c23,387,15.48,153.7622833251953,102.630859375,86.5594253540039,112.34103393554688,40.01614761352539,25.0,Real
c23__videos__644,c23,388,15.52,153.36056518554688,102.18228912353516,86.69085693359375,111.9443130493164,40.2585563659668,25.0,Real
c23__videos__644,c23,389,15.56,152.92457580566406,102.05599975585938,86.65485382080078,111.75869750976562,40.06473922729492,25.0,Real
c23__videos__644,c23,390,15.6,151.33885192871094,100.81085968017578,84.08342742919922,110.34539031982422,42.593074798583984,25.0,Real
c23__videos__644,c23,391,15.64,152.105712890625,101.23200225830078,85.078857421875,110.88150024414062,41.954811096191406,25.0,Real
c23__videos__644,c23,392,15.68,152.07542419433594,101.23999786376953,86.02285766601562,110.94892883300781,40.282615661621094,25.0,Real
c23__videos__644,c23,393,15.72,153.39613342285156,101.95410919189453,86.48007202148438,111.77345275878906,40.237098693847656,25.0,Real
c23__videos__644,c23,394,15.76,151.98731994628906,101.51087188720703,85.76811218261719,111.10554504394531,40.814598083496094,25.0,Real
c23__videos__644,c23,395,15.8,151.62741088867188,100.74335479736328,85.33634948730469,110.44891357421875,41.46728515625,25.0,Real
c23__videos__644,c23,396,15.84,152.77818298339844,102.45098114013672,86.60539245605469,112.0064926147461,39.168296813964844,25.0,Real
c23__videos__644,c23,397,15.88,101.72037506103516,98.5124740600586,85.97453308105469,98.28923034667969,30.345355987548828,25.0,Real
c23__videos__644,c23,398,15.92,105.013916015625,87.59420013427734,68.79130554199219,89.9400634765625,44.85017776489258,25.0,Real
c23__videos__644,c23,399,15.96,134.6127471923828,89.33391571044922,75.6631851196289,97.9731674194336,52.10044479370117,25.0,Real
c23__videos__644,c23,400,16.0,145.65333557128906,95.83014678955078,81.28753662109375,105.37257385253906,47.48846435546875,25.0,Real
c23__videos__644,c23,401,16.04,147.6630401611328,97.863525390625,82.92089080810547,107.3720474243164,44.56370544433594,25.0,Real
c23__videos__644,c23,402,16.08,148.1544189453125,98.20037078857422,83.6243896484375,107.7682113647461,43.63397979736328,25.0,Real
c23__videos__644,c23,403,16.12,147.0196075439453,98.1881103515625,83.10416412353516,107.48062133789062,42.90705490112305,25.0,Real
c23__videos__644,c23,404,16.16,148.04725646972656,98.77425384521484,84.66915130615234,108.23130798339844,41.323184967041016,25.0,Real
c23__videos__644,c23,405,16.2,148.0803680419922,98.85572814941406,85.05533599853516,108.32450103759766,41.08974838256836,25.0,Real
c23__videos__644,c23,406,16.24,146.6561279296875,98.80500793457031,85.74308013916016,108.03507995605469,38.89016342163086,25.0,Real
c23__videos__644,c23,407,16.28,143.74900817871094,97.59091186523438,87.0013198852539,106.63955688476562,37.41673278808594,25.0,Real
c23__videos__644,c23,408,16.32,138.1534881591797,95.36759185791016,85.40118408203125,103.74430084228516,37.51673126220703,25.0,Real
c23__videos__644,c23,409,16.36,130.5382080078125,91.54479217529297,84.47826385498047,99.32459259033203,36.12199020385742,25.0,Real
c23__videos__644,c23,410,16.4,113.27799987792969,81.90316009521484,76.9150161743164,88.21331787109375,35.56386947631836,25.0,Real
c23__videos__644,c23,411,16.44,90.51647186279297,65.8386001586914,64.35704803466797,70.9781494140625,30.360355377197266,25.0,Real
c23__videos__644,c23,412,16.48,70.9255599975586,52.67061996459961,54.0579719543457,56.65179443359375,22.473663330078125,25.0,Real
